{
  "mean": 0.052106536750735656,
  "std": 0.19034945938495498,
  "ir": 0.27374144859196853
}