{
  "mean": 0.09257338213344576,
  "std": 0.1911635597460122,
  "ir": 0.4842627028730924
}