{
  "mean": 0.17254806865524916,
  "std": 0.178556649215654,
  "ir": 0.9663491637707207
}