{
  "mean": 0.11545483647167677,
  "std": 0.19034387610039435,
  "ir": 0.6065592381379354
}