{
  "mean": 0.05418402172702988,
  "std": 0.18803835139031996,
  "ir": 0.28815409902503125
}