{
  "mean": 0.16408754188669064,
  "std": 0.1770594401872321,
  "ir": 0.9267370421660416
}