{
  "avg_trade_return": 0.014350183981491764,
  "total_trade_return": 1803.3391776013182,
  "long_avg": 0.020160034053961932,
  "long_total": 30.056221472416336,
  "short_avg": 0.011559626072667507,
  "short_total": 57.09912127281506,
  "avg_holding_days": 0.0,
  "win_rate": 0.6294326241134752,
  "payoff_ratio": 1.5300446535193408,
  "compounded": true,
  "mean_daily": 0.013162157855413378,
  "std_daily": 0.04349887121516488,
  "sharpe": 5.78090110667294,
  "max_drawdown": -0.33016578637585237
}