{
  "avg_trade_return": 0.010240046933515906,
  "total_trade_return": 1044.5682657950406,
  "long_avg": 0.01326504729676208,
  "long_total": 25.334172571620158,
  "short_avg": 0.008586134133285782,
  "short_total": 38.703858663166436,
  "avg_holding_days": 0.0,
  "win_rate": 0.5873850197109067,
  "payoff_ratio": 1.416022550201199,
  "compounded": true,
  "mean_daily": 0.00887718870935993,
  "std_daily": 0.04412546599872803,
  "sharpe": 3.8435503924777707,
  "max_drawdown": -0.37516997863307244
}