{
  "avg_trade_return": 0.01120036932262364,
  "total_trade_return": 2372.2011831865475,
  "long_avg": 0.01630986973894653,
  "long_total": 40.011245375797536,
  "short_avg": 0.008807436306149963,
  "short_total": 56.867084050733965,
  "avg_holding_days": 0.0,
  "win_rate": 0.5986928104575163,
  "payoff_ratio": 1.5138761226802913,
  "compounded": true,
  "mean_daily": 0.009876958735358958,
  "std_daily": 0.04247172738631858,
  "sharpe": 4.442932823727925,
  "max_drawdown": -0.37289450951655245
}