{
  "avg_trade_return": 0.010488031771991648,
  "total_trade_return": 1626.9626469325897,
  "long_avg": 0.015215130459194287,
  "long_total": 33.68932109930028,
  "short_avg": 0.008257765286112209,
  "short_total": 45.929792666522665,
  "avg_holding_days": 0.0,
  "win_rate": 0.5849297573435505,
  "payoff_ratio": 1.5133644419663677,
  "compounded": true,
  "mean_daily": 0.009160355810995733,
  "std_daily": 0.042704141608840146,
  "sharpe": 4.0981587603698,
  "max_drawdown": -0.3595849463994787
}