{
  "avg_trade_return": 0.013926289204975602,
  "total_trade_return": 838.7561850287618,
  "long_avg": 0.023360622837250856,
  "long_total": 36.63911586985987,
  "short_avg": 0.009527133634869725,
  "short_total": 21.310730887842425,
  "avg_holding_days": 0.0,
  "win_rate": 0.632183908045977,
  "payoff_ratio": 1.4827867740298526,
  "compounded": true,
  "mean_daily": 0.012844716454843362,
  "std_daily": 0.043387997955037956,
  "sharpe": 5.655895060165982,
  "max_drawdown": -0.3301657863758526
}