{
  "avg_trade_return": 0.01249676551312103,
  "total_trade_return": 5405.003589277833,
  "long_avg": 0.016648307646277703,
  "long_total": 45.23067079548741,
  "short_avg": 0.010482407791707732,
  "short_total": 115.93543477213679,
  "avg_holding_days": 0.0,
  "win_rate": 0.6108897742363878,
  "payoff_ratio": 1.5574492479530617,
  "compounded": true,
  "mean_daily": 0.011102305839881818,
  "std_daily": 0.04263700845517009,
  "sharpe": 4.974768702863627,
  "max_drawdown": -0.4658213877247871
}