{
  "mean": -0.03411664307188365,
  "std": 0.18309994711420668,
  "ir": -0.1863279788420897
}