{
  "mean": -0.0018474336064696888,
  "std": 0.184536493942897,
  "ir": -0.010011210070141241
}