{
  "avg_trade_return": 0.0028292471512476615,
  "total_trade_return": 0.24723272851717426,
  "long_avg": 0.003695267450088083,
  "long_total": 0.12977559335190647,
  "short_avg": 0.002217938705007364,
  "short_total": 0.10396501381020862,
  "avg_holding_days": 0.0,
  "win_rate": 0.5287356321839081,
  "payoff_ratio": 1.2406034151011447,
  "compounded": true,
  "mean_daily": 0.002503264681844494,
  "std_daily": 0.02421496955839596,
  "sharpe": 1.9750098995617926,
  "max_drawdown": -0.11552484377888994
}