{
  "avg_trade_return": 0.0047306763269008775,
  "total_trade_return": 0.38737779190838495,
  "long_avg": 0.004267163771645553,
  "long_total": 0.16810631032926082,
  "short_avg": 0.005262352493223162,
  "short_total": 0.18771534717359506,
  "avg_holding_days": 0.0,
  "win_rate": 0.5753424657534246,
  "payoff_ratio": 1.3749520967700997,
  "compounded": true,
  "mean_daily": 0.004542219503748738,
  "std_daily": 0.02205226823876722,
  "sharpe": 3.9351499279992392,
  "max_drawdown": -0.07845605519701104
}