{
  "avg_trade_return": 0.005770335783547488,
  "total_trade_return": 0.5526190888629283,
  "long_avg": 0.003924755515353284,
  "long_total": 0.13913957484492556,
  "short_avg": 0.00728035600297911,
  "short_total": 0.3629752869171392,
  "avg_holding_days": 0.0,
  "win_rate": 0.5875,
  "payoff_ratio": 1.4252149218392274,
  "compounded": true,
  "mean_daily": 0.005504878500755313,
  "std_daily": 0.022866165325383738,
  "sharpe": 4.599396295333252,
  "max_drawdown": -0.08967702564217972
}