{
  "mean": -0.051677259389680714,
  "std": 0.1888716092416507,
  "ir": -0.2736105209098025
}