{
  "mean": -0.036907273285157534,
  "std": 0.1867469561436596,
  "ir": -0.19763252931825953
}