{
  "avg_trade_return": 0.004666941673085649,
  "total_trade_return": 0.4831140196224373,
  "long_avg": 0.004854334272659191,
  "long_total": 0.2124208133089167,
  "short_avg": 0.004502973148458799,
  "short_total": 0.2232667101571364,
  "avg_holding_days": 0.0,
  "win_rate": 0.5666666666666667,
  "payoff_ratio": 1.3156756124045519,
  "compounded": true,
  "mean_daily": 0.004343221927948542,
  "std_daily": 0.023804377499756932,
  "sharpe": 3.4857932506485514,
  "max_drawdown": -0.10735694253699857
}