{
  "avg_trade_return": 0.003872387313039252,
  "total_trade_return": 0.34495720473118285,
  "long_avg": 0.0041348648695424895,
  "long_total": 0.16232771555890824,
  "short_avg": 0.0036397367515932015,
  "short_total": 0.1571239218746987,
  "avg_holding_days": 0.0,
  "win_rate": 0.5542168674698795,
  "payoff_ratio": 1.245376192807997,
  "compounded": true,
  "mean_daily": 0.0035305372968882057,
  "std_daily": 0.024600636114279976,
  "sharpe": 2.741832367075204,
  "max_drawdown": -0.09977622608437153
}