{
  "avg_trade_return": 0.003963586003117952,
  "total_trade_return": 0.23877850851912075,
  "long_avg": 0.005224245256985896,
  "long_total": 0.2265333629376034,
  "short_avg": 0.0008490160817971506,
  "short_total": 0.009983540563617721,
  "avg_holding_days": 0.0,
  "win_rate": 0.576271186440678,
  "payoff_ratio": 1.1200389833708742,
  "compounded": true,
  "mean_daily": 0.003810873875875441,
  "std_daily": 0.026090545432737824,
  "sharpe": 2.790537413557101,
  "max_drawdown": -0.16837307502306054
}