{
  "mean": -0.029240228844711155,
  "std": 0.17088448659583394,
  "ir": -0.17111107875970302
}