{
  "mean": -0.03146736324215931,
  "std": 0.18488527756918963,
  "ir": -0.17019939962706485
}