{
  "avg_trade_return": 0.00695992845903222,
  "total_trade_return": 0.4594672930512298,
  "long_avg": 0.005711154752028166,
  "long_total": 0.2171942416172865,
  "short_avg": 0.00927015981698972,
  "short_total": 0.19904222608877542,
  "avg_holding_days": 0.0,
  "win_rate": 0.6140350877192983,
  "payoff_ratio": 1.3672600751017,
  "compounded": true,
  "mean_daily": 0.006824744185003374,
  "std_daily": 0.02509311785248068,
  "sharpe": 5.196108165758147,
  "max_drawdown": -0.07175447459879003
}