{
  "mean": 0.02069105327439651,
  "std": 0.204781448100071,
  "ir": 0.10103968629172583
}