{
  "avg_trade_return": 0.0021833339189018942,
  "total_trade_return": 0.21345670518488236,
  "long_avg": 0.004019206971788519,
  "long_total": 0.22824305280458979,
  "short_avg": -1.1731687810374206e-05,
  "short_total": -0.012038616938189972,
  "avg_holding_days": 0.0,
  "win_rate": 0.43564356435643564,
  "payoff_ratio": 1.6859968242534977,
  "compounded": true,
  "mean_daily": 0.0019553748901311413,
  "std_daily": 0.02318287181700411,
  "sharpe": 1.6114217909245063,
  "max_drawdown": -0.21148507197530853
}