{
  "mean": -0.027652701702954117,
  "std": 0.17701065439776295,
  "ir": -0.15622054953152917
}