{
  "mean": 0.10869042374250654,
  "std": 0.20662709891886147,
  "ir": 0.5260221157399456
}