{
  "avg_trade_return": 0.014162463497327464,
  "total_trade_return": 33591.49545054904,
  "long_avg": 0.0201258927770525,
  "long_total": 235.52359914175136,
  "short_avg": 0.010779699519939583,
  "short_total": 141.0259778408693,
  "avg_holding_days": 0.0,
  "win_rate": 0.6231343283582089,
  "payoff_ratio": 1.5565008301023096,
  "compounded": true,
  "mean_daily": 0.012798679411480877,
  "std_daily": 0.04548475167353622,
  "sharpe": 5.37583295124771,
  "max_drawdown": -0.39625313535997553
}