{
  "mean": -0.05569457564756386,
  "std": 0.1730971976217579,
  "ir": -0.3217531907666377
}