{
  "mean": 0.05172315164962706,
  "std": 0.19673692094119324,
  "ir": 0.2629051598560275
}