{
  "mean": -0.013440704906845341,
  "std": 0.17933366320239882,
  "ir": -0.07494803076473126
}