{
  "mean": 0.04166036948854665,
  "std": 0.18470274086401406,
  "ir": 0.22555360734586374
}