{
  "mean": -0.013399701222152793,
  "std": 0.1793010762960412,
  "ir": -0.07473296590829581
}