{
  "mean": -0.013333869461577719,
  "std": 0.17930776531379078,
  "ir": -0.07436303407297104
}