{
  "avg_trade_return": 0.004360118061439175,
  "total_trade_return": 4.067513298882358,
  "long_avg": 0.010895918503034356,
  "long_total": 2.1065258278289045,
  "short_avg": 0.002350446802659909,
  "short_total": 0.6312477602750053,
  "avg_holding_days": 0.0,
  "win_rate": 0.5541922290388548,
  "payoff_ratio": 1.0615963938872865,
  "compounded": true,
  "mean_daily": 0.0027666795974048545,
  "std_daily": 0.0458374733598418,
  "sharpe": 1.1531468821595852,
  "max_drawdown": -0.7205778002802069
}