{
  "avg_trade_return": 0.004176333657601759,
  "total_trade_return": 8.587187269844057,
  "long_avg": 0.0077222517824919725,
  "long_total": 2.2318417931433516,
  "short_avg": 0.0030034530470611494,
  "short_total": 1.9664779043900422,
  "avg_holding_days": 0.0,
  "win_rate": 0.5375722543352601,
  "payoff_ratio": 1.14201716092888,
  "compounded": true,
  "mean_daily": 0.0028074114397976936,
  "std_daily": 0.042707226832480474,
  "sharpe": 1.255888621792873,
  "max_drawdown": -0.7625497230354474
}