{
  "avg_trade_return": 0.004094278956701679,
  "total_trade_return": 8.037046815215554,
  "long_avg": 0.0077222517824919725,
  "long_total": 2.2318417931433516,
  "short_avg": 0.002891944995168094,
  "short_total": 1.7962528470262593,
  "avg_holding_days": 0.0,
  "win_rate": 0.5369030390738061,
  "payoff_ratio": 1.1391434275969352,
  "compounded": true,
  "mean_daily": 0.002728431016465835,
  "std_daily": 0.04268755883983828,
  "sharpe": 1.2211192861542373,
  "max_drawdown": -0.7625497230354474
}