{
  "avg_trade_return": 0.005185623631450624,
  "total_trade_return": 6.646244031606843,
  "long_avg": 0.01158111011176415,
  "long_total": 2.931773638287202,
  "short_avg": 0.002712231070003405,
  "short_total": 0.9447314965308529,
  "avg_holding_days": 0.0,
  "win_rate": 0.549800796812749,
  "payoff_ratio": 1.1409885861349458,
  "compounded": true,
  "mean_daily": 0.003930855963016629,
  "std_daily": 0.04624316959874686,
  "sharpe": 1.6239997901973267,
  "max_drawdown": -0.5239377983904256
}