{
  "mean": 0.013157989388241201,
  "std": 0.22087167309206798,
  "ir": 0.05957300546528859
}