{
  "mean": -0.0025776286440054703,
  "std": 0.1826165220532654,
  "ir": -0.014114980479442218
}