{
  "avg_trade_return": 0.012228655486110174,
  "total_trade_return": 0.9786831791509834,
  "long_avg": 0.01375167799159978,
  "long_total": 0.5096645751012823,
  "short_avg": 0.010480000016844333,
  "short_total": 0.3106773595838237,
  "avg_holding_days": 0.0,
  "win_rate": 0.6724137931034483,
  "payoff_ratio": 1.6519942343187595,
  "compounded": true,
  "mean_daily": 0.011807012051339515,
  "std_daily": 0.02813029579316711,
  "sharpe": 8.018850927516265,
  "max_drawdown": -0.10194237301629916
}