{
  "avg_trade_return": 0.0056315038336727,
  "total_trade_return": 0.47255708734646995,
  "long_avg": 0.005321152188746537,
  "long_total": 0.18041322516572622,
  "short_avg": 0.005895302731859939,
  "short_total": 0.24749287448870083,
  "avg_holding_days": 0.0,
  "win_rate": 0.581081081081081,
  "payoff_ratio": 1.2721045314926043,
  "compounded": true,
  "mean_daily": 0.005239245130679096,
  "std_daily": 0.027914244181891208,
  "sharpe": 3.5858265416125112,
  "max_drawdown": -0.14221971927073984
}