{
  "mean": 0.029866247251038255,
  "std": 0.20282738695375438,
  "ir": 0.14724957856824286
}