{
  "mean": -0.0021881934387899516,
  "std": 0.18246587124561472,
  "ir": -0.011992343685162117
}