decile,mean_ret,std_ret,count
1.0,-0.011375219854766897,0.0031889937756993552,6
2.0,0.008900124706452628,,1
3.0,0.012180817595296878,,1
4.0,0.0166578803608175,0.007033054717953655,2
5.0,0.030587057505499615,0.015178600693752623,2
10.0,0.02331027124349838,0.004198468266502009,2
