{
  "mean": 0.1421302825251028,
  "std": 0.21752761322648578,
  "ir": 0.6533896107117184
}