{
  "mean": -0.10096956511941854,
  "std": 0.2415388266801903,
  "ir": -0.41802623001521566
}