{
  "mean": 0.1445192956744679,
  "std": 0.2176647844075365,
  "ir": 0.6639535011041685
}