{
  "mean": 0.1069906842959825,
  "std": 0.2367715061642888,
  "ir": 0.45187314144863705
}