{
  "mean": -0.0024255857575875488,
  "std": 0.1812315415239159,
  "ir": -0.01338390512595988
}