{
  "avg_trade_return": 0.004637099169991644,
  "total_trade_return": 12.69489696048248,
  "long_avg": 0.009034302064176748,
  "long_total": 4.6518820088517945,
  "short_avg": 0.0025585893985806173,
  "short_total": 1.423068446764101,
  "avg_holding_days": 1.0,
  "win_rate": 0.5463623395149786,
  "payoff_ratio": 1.1723186094838505,
  "compounded": true,
  "mean_daily": 0.0007859782787184873,
  "std_daily": 0.019368373417148563,
  "sharpe": 0.7752893651562359,
  "max_drawdown": -0.6542489275872703
}