{
  "avg_trade_return": 0.014396462357538284,
  "total_trade_return": 31691.587551688874,
  "long_avg": 0.020995145198254028,
  "long_total": 399.9820090329323,
  "short_avg": 0.010212266377458654,
  "short_total": 78.0374302032239,
  "avg_holding_days": 1.0,
  "win_rate": 0.6132315521628499,
  "payoff_ratio": 1.6308568587836212,
  "compounded": true,
  "mean_daily": 0.0031288865328731744,
  "std_daily": 0.02303524019259861,
  "sharpe": 2.595036681924294,
  "max_drawdown": -0.3296250360701112
}