{
  "avg_trade_return": 0.014877846449871683,
  "total_trade_return": 61032.92744295658,
  "long_avg": 0.02210911603469358,
  "long_total": 188.53039710023268,
  "short_avg": 0.011557499435425332,
  "short_total": 321.0271174268621,
  "avg_holding_days": 1.0,
  "win_rate": 0.6243781094527363,
  "payoff_ratio": 1.6367625940169666,
  "compounded": true,
  "mean_daily": 0.003296430802813592,
  "std_daily": 0.022633422957585338,
  "sharpe": 2.782531929770871,
  "max_drawdown": -0.3437997047499174
}