{
  "avg_trade_return": 0.004729812683143969,
  "total_trade_return": 0.4140062656867416,
  "long_avg": 0.004077092913343848,
  "long_total": 0.13168223796217493,
  "short_avg": 0.005198068170174491,
  "short_total": 0.24947288050835592,
  "avg_holding_days": 1.0,
  "win_rate": 0.5443037974683544,
  "payoff_ratio": 1.3716467798645329,
  "compounded": true,
  "mean_daily": 0.0006595476214409409,
  "std_daily": 0.01028181449413331,
  "sharpe": 1.225526838881646,
  "max_drawdown": -0.12216210069804578
}