{
  "avg_trade_return": 0.0049126473486593,
  "total_trade_return": 0.4413765994661054,
  "long_avg": 0.004077092913343848,
  "long_total": 0.13168223796217493,
  "short_avg": 0.005499313228774406,
  "short_total": 0.2736584096800867,
  "avg_holding_days": 1.0,
  "win_rate": 0.55,
  "payoff_ratio": 1.3675294143744225,
  "compounded": true,
  "mean_daily": 0.0006962768734021442,
  "std_daily": 0.01031332238592595,
  "sharpe": 1.2898220855148985,
  "max_drawdown": -0.12216210069804578
}