{
  "mean": 0.20564162750577356,
  "std": 0.165012858383894,
  "ir": 1.2462157768781799
}