{
  "mean": 0.026133558987377476,
  "std": 0.16526029569570885,
  "ir": 0.1581357390010773
}