{
  "avg_trade_return": 0.005896449669414549,
  "total_trade_return": 0.7792631275506448,
  "long_avg": 0.005952037612010689,
  "long_total": 0.21894590392527524,
  "short_avg": 0.005867411191938953,
  "short_total": 0.45967357683472687,
  "avg_holding_days": 1.0,
  "win_rate": 0.5882352941176471,
  "payoff_ratio": 1.514820156894918,
  "compounded": true,
  "mean_daily": 0.0011059932267755705,
  "std_daily": 0.009838424000111017,
  "sharpe": 2.147698750179386,
  "max_drawdown": -0.11274883309789718
}