{
  "mean": -0.18551173651250763,
  "std": 0.1933895083525236,
  "ir": -0.9592647403309189
}