{
  "avg_trade_return": 0.002259181550513727,
  "total_trade_return": 0.2734596238974094,
  "long_avg": 0.0018755167976028753,
  "long_total": 0.1045963294380099,
  "short_avg": 0.002630267131197994,
  "short_total": 0.15287330761393458,
  "avg_holding_days": 1.0,
  "win_rate": 0.55,
  "payoff_ratio": 1.1036282487364866,
  "compounded": true,
  "mean_daily": 0.00045374830736629113,
  "std_daily": 0.010739153951771893,
  "sharpe": 0.8072190117729793,
  "max_drawdown": -0.1441130130338274
}