{
  "mean": 0.10434114343963015,
  "std": 0.198914823754697,
  "ir": 0.5245518733601489
}