{
  "avg_trade_return": 0.00208954614924055,
  "total_trade_return": 0.20018662668338094,
  "long_avg": 0.0038793925818563163,
  "long_total": 0.21480279713992712,
  "short_avg": -1.1577923830132496e-05,
  "short_total": -0.012031722754473506,
  "avg_holding_days": 1.0,
  "win_rate": 0.44,
  "payoff_ratio": 1.6428102140012402,
  "compounded": true,
  "mean_daily": 0.00035963357538345675,
  "std_daily": 0.010126316395050013,
  "sharpe": 0.6785083086801893,
  "max_drawdown": -0.2012837928080795
}