{
  "mean": 0.2017462733362174,
  "std": 0.16809068445314407,
  "ir": 1.2002228082571402
}