{
  "avg_trade_return": 0.0011239803356869822,
  "total_trade_return": 0.11682567744792238,
  "long_avg": 0.004462611447572289,
  "long_total": 0.296780192425115,
  "short_avg": -0.001694344628891523,
  "short_total": -0.13877025268303667,
  "avg_holding_days": 1.0,
  "win_rate": 0.4647887323943662,
  "payoff_ratio": 1.303536903112306,
  "compounded": true,
  "mean_daily": 0.00023498564200840962,
  "std_daily": 0.013978567772517313,
  "sharpe": 0.32116268705294665,
  "max_drawdown": -0.2614043133986633
}