{
  "mean": -0.18551173651250766,
  "std": 0.19322106765933766,
  "ir": -0.9601009804975196
}